{
    "1": {
        "train_accuracy": 48.88309097290039,
        "train_loss": 2.3097656040440895,
        "train_IoU": 10.790886878967285,
        "train_epoch_time": 3358.4019000530243,
        "val_accuracy": 67.16653442382812,
        "val_loss": 1.6519786460765662,
        "val_IoU": 17.4232234954834,
        "val_epoch_time": 281.4966924190521
    }
}